{"cameraMode":{"drawMode":0,"name":"Shaded","section":"Shading Mode"},"sceneLighting":false,"audioPlay":false,"sceneViewState":{"m_AlwaysRefresh":false,"showFog":true,"showSkybox":true,"showFlares":true,"showImageEffects":true,"showParticleSystems":true,"showVisualEffectGraphs":true,"m_FxEnabled":true},"in2DMode":false,"pivot":{"x":-2.510000228881836,"y":11.470001220703125,"z":-8.8100004196167},"rotation":{"x":-0.006462015677243471,"y":-0.05825657770037651,"z":-0.0006720520323142409,"w":0.9982813000679016},"size":12.124356269836426,"orthographic":false}