{"cameraMode":{"drawMode":0,"name":"Shaded","section":"Shading Mode"},"sceneLighting":false,"audioPlay":false,"sceneViewState":{"m_AlwaysRefresh":false,"showFog":true,"showSkybox":false,"showFlares":true,"showImageEffects":true,"showParticleSystems":true,"showVisualEffectGraphs":true,"m_FxEnabled":true},"in2DMode":false,"pivot":{"x":3.4650793075561525,"y":2.6888046264648439,"z":9.588519096374512},"rotation":{"x":0.24209251999855042,"y":0.04099650681018829,"z":-0.010510839521884919,"w":0.9693318605422974},"size":1.9125988483428956,"orthographic":false}