{"cameraMode":{"drawMode":0,"name":"Shaded","section":"Shading Mode"},"sceneLighting":false,"audioPlay":false,"sceneViewState":{"m_AlwaysRefresh":false,"showFog":true,"showSkybox":false,"showFlares":true,"showImageEffects":true,"showParticleSystems":true,"showVisualEffectGraphs":true,"m_FxEnabled":true},"in2DMode":false,"pivot":{"x":4.401576042175293,"y":3.1100001335144045,"z":9.685277938842774},"rotation":{"x":0.24209251999855042,"y":0.04099650681018829,"z":-0.010510839521884919,"w":0.9693318605422974},"size":0.7071067690849304,"orthographic":false}