{"cameraMode":{"drawMode":0,"name":"Shaded","section":"Shading Mode"},"sceneLighting":false,"audioPlay":false,"sceneViewState":{"m_AlwaysRefresh":false,"showFog":true,"showSkybox":false,"showFlares":true,"showImageEffects":true,"showParticleSystems":true,"showVisualEffectGraphs":true,"m_FxEnabled":true},"in2DMode":false,"pivot":{"x":6.663476467132568,"y":4.795587062835693,"z":8.634739875793457},"rotation":{"x":-0.014461883343756199,"y":-0.9779115915298462,"z":0.07231072336435318,"w":-0.19558043777942658},"size":1.0961772203445435,"orthographic":false}